Date,Open,Low,High,Close,Adj Close,Volume,trend_pred
2021-01-04,375.30999755859375,364.82000732421875,375.45001220703125,368.7900085449219,354.1974182128906,110210800,0.735
2021-01-05,368.1000061035156,368.04998779296875,372.5,371.3299865722656,356.6368408203125,66426200,0.775
2021-01-06,369.7099914550781,369.1199951171875,376.9800109863281,373.54998779296875,358.76910400390625,107997700,0.915
2021-01-07,376.1000061035156,375.9100036621094,379.8999938964844,379.1000061035156,364.0995178222656,68766800,0.895
2021-01-08,380.5899963378906,377.1000061035156,381.489990234375,381.260009765625,366.1739807128906,71677200,0.83
2021-01-11,377.8500061035156,377.7200012207031,380.5799865722656,378.69000244140625,363.7057189941406,51034700,0.85
2021-01-12,378.8900146484375,376.3599853515625,379.8599853515625,378.7699890136719,363.7825622558594,52547700,0.89
2021-01-13,378.69000244140625,377.8500061035156,380.8599853515625,379.7900085449219,364.76214599609375,45303600,0.885
2021-01-14,380.5899963378906,378.1000061035156,381.1300048828125,378.4599914550781,363.4847106933594,49989100,0.855
2021-01-15,376.7200012207031,373.70001220703125,377.5799865722656,375.70001220703125,360.8340148925781,107160000,0.705
2021-01-19,378.3399963378906,376.75,379.2300109863281,378.6499938964844,363.667236328125,51233300,0.855
2021-01-20,381.1099853515625,380.69000244140625,384.7900085449219,383.8900146484375,368.6999206542969,61836100,0.89
2021-01-21,384.489990234375,383.25,384.95001220703125,384.239990234375,369.0361022949219,47840100,0.875
2021-01-22,382.25,381.8399963378906,384.1300048828125,382.8800048828125,367.72991943359375,52860500,0.845
2021-01-25,383.6700134277344,378.4599914550781,384.7699890136719,384.3900146484375,369.18017578125,70402000,0.845
2021-01-26,385.4100036621094,383.5400085449219,385.8500061035156,383.7900085449219,368.60394287109375,42665300,0.845
2021-01-27,380.2200012207031,372.010009765625,380.32000732421875,374.4100036621094,359.5950012207031,123351100,0.535
2021-01-28,376.3599853515625,375.8900146484375,381.92999267578125,377.6300048828125,362.6875915527344,94198100,0.64
2021-01-29,375.6300048828125,368.2699890136719,376.6700134277344,370.07000732421875,355.4267883300781,126765100,0.51
2021-02-01,373.7200012207031,370.3800048828125,377.3399963378906,376.2300109863281,361.343017578125,75817600,0.6
2021-02-02,379.6499938964844,376.32000732421875,383.2200012207031,381.54998779296875,366.4524841308594,64450700,0.775
2021-02-03,382.44000244140625,380.4800109863281,383.70001220703125,381.8500061035156,366.74066162109375,52427100,0.795
2021-02-04,382.9599914550781,381.9700012207031,386.239990234375,386.19000244140625,370.90887451171875,47142600,0.83
2021-02-05,388.20001220703125,386.1400146484375,388.4700012207031,387.7099914550781,372.3687744140625,48669800,0.85
2021-02-08,389.2699890136719,388.3500061035156,390.55999755859375,390.510009765625,375.0579833984375,38365200,0.86
2021-02-09,389.6099853515625,389.1700134277344,390.8900146484375,390.25,374.8082580566406,35551100,0.865
2021-02-10,392.1199951171875,387.5,392.2799987792969,390.0799865722656,374.64495849609375,59154400,0.85
2021-02-11,391.239990234375,388.1000061035156,391.69000244140625,390.7099914550781,375.2500305175781,42913300,0.845
2021-02-12,389.8500061035156,389.7699890136719,392.8999938964844,392.6400146484375,377.1037292480469,50593300,0.88
2021-02-16,393.9599914550781,391.5299987792969,394.1700134277344,392.29998779296875,376.7771301269531,50972400,0.845
2021-02-17,390.4200134277344,389.3299865722656,392.6600036621094,392.3900146484375,376.86358642578125,52290600,0.825
2021-02-18,389.5899963378906,387.739990234375,391.5199890136719,390.7200012207031,375.2596130371094,59712800,0.765
2021-02-19,392.07000732421875,389.54998779296875,392.3800048828125,390.0299987792969,374.5969543457031,83241000,0.685
2021-02-22,387.05999755859375,386.739990234375,389.6199951171875,387.0299987792969,371.7156066894531,67414200,0.71
2021-02-23,384.6600036621094,380.20001220703125,388.95001220703125,387.5,372.1669921875,107284100,0.69
2021-02-24,386.3299865722656,385.2699890136719,392.2300109863281,391.7699890136719,376.26812744140625,72433900,0.845
2021-02-25,390.4100036621094,380.7799987792969,391.8800048828125,382.3299865722656,367.20166015625,146670500,0.545
2021-02-26,384.3500061035156,378.2300109863281,385.5799865722656,380.3599853515625,365.30963134765625,152701600,0.49
2021-03-01,385.5899963378906,380.57000732421875,390.9200134277344,389.5799865722656,374.16473388671875,105348800,0.795
2021-03-02,389.82000732421875,386.0,390.07000732421875,386.5400085449219,371.2450256347656,79595300,0.56
2021-03-03,385.7900085449219,381.30999755859375,386.8299865722656,381.4200134277344,366.32763671875,119940200,0.6
2021-03-04,381.2200012207031,371.8800048828125,384.0,376.70001220703125,361.7944030761719,183433000,0.595
2021-03-05,380.4599914550781,372.6400146484375,384.760009765625,383.6300048828125,368.4501953125,152039600,0.505
2021-03-08,384.6600036621094,381.4200134277344,387.67999267578125,381.7200012207031,366.61572265625,123149200,0.515
2021-03-09,385.8500061035156,385.30999755859375,389.9100036621094,387.1700134277344,371.85015869140625,113633600,0.715
2021-03-10,389.69000244140625,388.1700134277344,391.3999938964844,389.5799865722656,374.16473388671875,109899400,0.795
2021-03-11,392.2300109863281,391.739990234375,395.6499938964844,393.5299987792969,377.95843505859375,86245000,0.865
2021-03-12,392.07000732421875,391.20001220703125,394.2099914550781,394.05999755859375,378.46746826171875,64653600,0.825
2021-03-15,394.3299865722656,392.0299987792969,396.69000244140625,396.4100036621094,380.7245178222656,73427200,0.82
2021-03-16,397.07000732421875,395.0799865722656,397.8299865722656,395.9100036621094,380.24432373046875,73722500,0.815
2021-03-17,394.5299987792969,393.29998779296875,398.1199951171875,397.260009765625,381.5408630371094,97959300,0.825
2021-03-18,394.4800109863281,390.75,396.7200012207031,391.4800109863281,375.9895935058594,115349100,0.64
2021-03-19,389.8800048828125,387.1499938964844,391.57000732421875,389.4800109863281,375.2939147949219,113624500,0.65
2021-03-22,390.0299987792969,389.9700012207031,394.07000732421875,392.5899963378906,378.2905578613281,73778600,0.795
2021-03-23,391.9100036621094,388.6600036621094,393.4599914550781,389.5,375.31317138671875,90686600,0.545
2021-03-24,391.0,387.4700012207031,392.75,387.5199890136719,373.4052429199219,97588600,0.655
2021-03-25,385.9800109863281,383.8999938964844,390.54998779296875,389.70001220703125,375.50592041015625,116128600,0.615
2021-03-26,390.92999267578125,390.2900085449219,396.4100036621094,395.9800109863281,381.5571594238281,114409100,0.8
2021-03-29,394.3999938964844,392.80999755859375,396.75,395.7799987792969,381.3644714355469,108107600,0.74
2021-03-30,394.4200134277344,393.0199890136719,395.45001220703125,394.7300109863281,380.3526611328125,76262200,0.795
2021-03-31,395.3399963378906,395.30999755859375,398.0,396.3299865722656,381.8943786621094,112734200,0.755
2021-04-01,398.3999938964844,398.17999267578125,400.6700134277344,400.6099853515625,386.0184631347656,99682900,0.795
2021-04-05,403.4599914550781,403.3800048828125,406.94000244140625,406.3599853515625,391.5591125488281,91684800,0.78
2021-04-06,405.760009765625,405.3999938964844,407.239990234375,406.1199951171875,391.3277893066406,62021000,0.805
2021-04-07,405.94000244140625,405.45001220703125,406.9599914550781,406.5899963378906,391.7806701660156,55836300,0.76
2021-04-08,407.92999267578125,406.92999267578125,408.5799865722656,408.5199890136719,393.640380859375,57863100,0.74
2021-04-09,408.3900146484375,408.260009765625,411.6700134277344,411.489990234375,396.5022277832031,61104600,0.64
2021-04-12,410.8500061035156,410.20001220703125,411.92999267578125,411.6400146484375,396.6467590332031,56704900,0.72
2021-04-13,411.5299987792969,411.1199951171875,413.5299987792969,412.8599853515625,397.822265625,56551000,0.635
2021-04-14,412.8299865722656,410.8699951171875,413.9599914550781,411.45001220703125,396.4636535644531,61659900,0.61
2021-04-15,413.739990234375,413.69000244140625,416.1600036621094,415.8699951171875,400.7226257324219,60229800,0.6
2021-04-16,417.25,415.7300109863281,417.9100036621094,417.260009765625,402.06207275390625,82037300,0.59
2021-04-19,416.260009765625,413.7900085449219,416.739990234375,415.2099914550781,400.086669921875,78498500,0.66
2021-04-20,413.9100036621094,410.5899963378906,415.0899963378906,412.1700134277344,397.157470703125,81851800,0.745
2021-04-21,411.510009765625,411.3599853515625,416.2900085449219,416.07000732421875,400.9154052734375,66793000,0.635
2021-04-22,415.8900146484375,411.1300048828125,416.7799987792969,412.2699890136719,397.2538146972656,97582800,0.67
2021-04-23,412.8699951171875,412.7900085449219,418.25,416.739990234375,401.56097412109375,73209200,0.69
2021-04-26,417.44000244140625,416.80999755859375,418.2200012207031,417.6099853515625,402.3992614746094,52182400,0.68
2021-04-27,417.92999267578125,416.29998779296875,418.1400146484375,417.5199890136719,402.3125915527344,51303100,0.7
2021-04-28,417.80999755859375,416.8999938964844,419.010009765625,417.3999938964844,402.1968994140625,51238900,0.705
2021-04-29,420.32000732421875,416.44000244140625,420.7200012207031,420.05999755859375,404.7600402832031,78544300,0.61
2021-04-30,417.6300048828125,416.3399963378906,418.5400085449219,417.29998779296875,402.1005859375,85527000,0.66
2021-05-03,419.42999267578125,417.6700134277344,419.8399963378906,418.20001220703125,402.96783447265625,68128300,0.635
2021-05-04,416.07000732421875,411.6700134277344,416.6000061035156,415.6199951171875,400.48175048828125,101591200,0.665
2021-05-05,417.3800048828125,415.1499938964844,417.6300048828125,415.75,400.6070556640625,60162200,0.595
2021-05-06,415.8299865722656,413.67999267578125,419.2099914550781,419.07000732421875,403.80615234375,74321400,0.64
2021-05-07,419.8900146484375,419.1600036621094,422.82000732421875,422.1199951171875,406.7450256347656,67733800,0.635
2021-05-10,422.5,417.80999755859375,422.739990234375,417.94000244140625,402.7173156738281,81852400,0.675
2021-05-11,413.1000061035156,410.05999755859375,415.2699890136719,414.2099914550781,399.12310791015625,116888000,0.65
2021-05-12,411.2300109863281,404.0,412.5899963378906,405.4100036621094,390.64373779296875,134811000,0.475
2021-05-13,407.07000732421875,407.0199890136719,412.3500061035156,410.2799987792969,395.33624267578125,106394000,0.525
2021-05-14,413.2099914550781,413.17999267578125,417.489990234375,416.5799865722656,401.4068298339844,82201600,0.765
2021-05-17,415.3900146484375,413.3599853515625,416.3900146484375,415.5199890136719,400.3854064941406,65129200,0.665
2021-05-18,415.79998779296875,411.7699890136719,416.05999755859375,411.94000244140625,396.9358215332031,59810200,0.46
2021-05-19,406.9200134277344,405.3299865722656,411.04998779296875,410.8599853515625,395.8951721191406,106467100,0.525
2021-05-20,411.79998779296875,411.6700134277344,416.6300048828125,415.2799987792969,400.1541748046875,78022200,0.57
2021-05-21,416.8699951171875,414.45001220703125,418.20001220703125,414.94000244140625,399.8265380859375,76578700,0.59
2021-05-24,417.3399963378906,417.0799865722656,420.32000732421875,419.1700134277344,403.9024963378906,51376700,0.835
2021-05-25,420.3299865722656,417.6199951171875,420.7099914550781,418.239990234375,403.00634765625,57451400,0.775
2021-05-26,418.8699951171875,417.760009765625,419.6099853515625,419.07000732421875,403.80615234375,43088600,0.76
2021-05-27,420.1700134277344,418.989990234375,420.7200012207031,419.2900085449219,404.01806640625,56707700,0.73
2021-05-28,420.9700012207031,419.7900085449219,421.25,420.0400085449219,404.7408142089844,58520200,0.76
2021-06-01,422.57000732421875,419.20001220703125,422.7200012207031,419.6700134277344,404.3843078613281,54216600,0.755
2021-06-02,420.3699951171875,419.2900085449219,421.2300109863281,420.3299865722656,405.0201721191406,49097100,0.63
2021-06-03,417.8500061035156,416.2799987792969,419.989990234375,418.7699890136719,403.5170593261719,58138800,0.68
2021-06-04,420.75,418.8399963378906,422.9200134277344,422.6000061035156,407.2075500488281,55938800,0.695
2021-06-07,422.5899963378906,421.19000244140625,422.7799987792969,422.19000244140625,406.8125305175781,51555000,0.68
2021-06-08,423.1099853515625,420.32000732421875,423.2099914550781,422.2799987792969,406.8992004394531,47134300,0.735
2021-06-09,423.17999267578125,421.4100036621094,423.260009765625,421.6499938964844,406.2921447753906,48436300,0.74
2021-06-10,422.9599914550781,421.54998779296875,424.6300048828125,423.6099853515625,408.1806945800781,51020100,0.725
2021-06-11,424.20001220703125,422.82000732421875,424.42999267578125,424.30999755859375,408.855224609375,45570800,0.71
2021-06-14,424.42999267578125,423.1000061035156,425.3699951171875,425.260009765625,409.7706298828125,42358500,0.64
2021-06-15,425.4200134277344,423.5400085449219,425.4599914550781,424.4800109863281,409.0190734863281,51508500,0.77
2021-06-16,424.6300048828125,419.9200134277344,424.8699951171875,422.1099853515625,406.7353820800781,80386100,0.525
2021-06-17,421.6700134277344,419.32000732421875,423.0199890136719,421.9700012207031,406.6004943847656,90949700,0.57
2021-06-18,417.0899963378906,414.70001220703125,417.8299865722656,414.9200134277344,401.1153259277344,118676300,0.28
2021-06-21,416.79998779296875,415.92999267578125,421.05999755859375,420.8599853515625,406.85760498046875,72822000,0.485
2021-06-22,420.8500061035156,420.0799865722656,424.0,423.1099853515625,409.03277587890625,57700300,0.6
2021-06-23,423.19000244140625,422.510009765625,424.04998779296875,422.6000061035156,408.5397644042969,49445400,0.57
2021-06-24,424.8900146484375,424.6199951171875,425.54998779296875,425.1000061035156,410.95660400390625,45110300,0.675
2021-06-25,425.8999938964844,425.54998779296875,427.0899963378906,426.6099853515625,412.4163513183594,58129500,0.735
2021-06-28,427.1700134277344,425.8900146484375,427.6499938964844,427.4700012207031,413.2477111816406,53159600,0.78
2021-06-29,427.8800048828125,427.1300048828125,428.55999755859375,427.70001220703125,413.47015380859375,35970500,0.76
2021-06-30,427.2099914550781,427.17999267578125,428.7799987792969,428.05999755859375,413.81805419921875,64827900,0.775
2021-07-01,428.8699951171875,428.79998779296875,430.6000061035156,430.42999267578125,416.1092834472656,53441000,0.85
2021-07-02,431.6700134277344,430.5199890136719,434.1000061035156,433.7200012207031,419.289794921875,57697700,0.815
2021-07-06,433.7799987792969,430.010009765625,434.010009765625,432.92999267578125,418.52606201171875,68710400,0.71
2021-07-07,433.6600036621094,431.510009765625,434.760009765625,434.4599914550781,420.0051574707031,63549500,0.71
2021-07-08,428.7799987792969,427.5199890136719,431.7300109863281,430.9200134277344,416.5828857421875,97595200,0.705
2021-07-09,432.5299987792969,430.7099914550781,435.8399963378906,435.5199890136719,421.0299072265625,76238600,0.72
2021-07-12,435.42999267578125,434.9700012207031,437.3500061035156,437.0799865722656,422.53802490234375,52889600,0.72
2021-07-13,436.239990234375,435.30999755859375,437.8399963378906,435.5899963378906,421.09759521484375,52911300,0.685
2021-07-14,437.3999938964844,434.9100036621094,437.9200134277344,436.239990234375,421.7259521484375,64130400,0.685
2021-07-15,434.80999755859375,432.7200012207031,435.5299987792969,434.75,420.2855529785156,55126400,0.715
2021-07-16,436.010009765625,430.9200134277344,436.05999755859375,431.3399963378906,416.989013671875,75874700,0.69
2021-07-19,426.19000244140625,421.9700012207031,431.4100036621094,424.9700012207031,410.8309326171875,147987000,0.55
2021-07-20,425.67999267578125,424.8299865722656,432.4200134277344,431.05999755859375,416.7182922363281,99608200,0.69
2021-07-21,432.3399963378906,431.010009765625,434.70001220703125,434.54998779296875,420.0921630859375,64724400,0.77
2021-07-22,434.739990234375,433.69000244140625,435.7200012207031,435.4599914550781,420.971923828125,47878500,0.755
2021-07-23,437.5199890136719,436.7900085449219,440.29998779296875,439.94000244140625,425.3028564453125,63766600,0.78
2021-07-26,439.30999755859375,439.260009765625,441.0299987792969,441.0199890136719,426.3468933105469,43719200,0.74
2021-07-27,439.9100036621094,435.989990234375,439.94000244140625,439.010009765625,424.4037780761719,67397100,0.74
2021-07-28,439.67999267578125,437.30999755859375,440.29998779296875,438.8299865722656,424.2297668457031,52472400,0.755
2021-07-29,439.82000732421875,439.80999755859375,441.79998779296875,440.6499938964844,425.9892272949219,47435300,0.745
2021-07-30,437.9100036621094,437.7699890136719,440.05999755859375,438.510009765625,423.92047119140625,68951200,0.715
2021-08-02,440.3399963378906,437.2099914550781,440.92999267578125,437.5899963378906,423.031005859375,58783300,0.74
2021-08-03,438.44000244140625,436.1000061035156,441.2799987792969,441.1499938964844,426.4726257324219,58053900,0.72
2021-08-04,439.7799987792969,438.7300109863281,441.1199951171875,438.9800109863281,424.374755859375,46732200,0.725
2021-08-05,440.2200012207031,439.8800048828125,441.8500061035156,441.760009765625,427.06231689453125,38969700,0.715
2021-08-06,442.1000061035156,441.79998779296875,442.94000244140625,442.489990234375,427.76800537109375,46930000,0.72
2021-08-09,442.4599914550781,441.30999755859375,442.79998779296875,442.1300048828125,427.4199523925781,41222600,0.79
2021-08-10,442.6099853515625,441.8800048828125,443.44000244140625,442.67999267578125,427.95166015625,43339300,0.765
2021-08-11,443.82000732421875,442.6199951171875,443.8800048828125,443.7799987792969,429.0151062011719,44034300,0.78
2021-08-12,443.6199951171875,442.6600036621094,445.260009765625,445.1099853515625,430.30084228515625,38909400,0.71
2021-08-13,445.5899963378906,445.07000732421875,445.94000244140625,445.9200134277344,431.08392333984375,39470300,0.75
2021-08-16,444.5299987792969,442.8699951171875,447.1099853515625,446.9700012207031,432.0989685058594,73740000,0.705
2021-08-17,444.239990234375,440.8500061035156,444.9599914550781,444.0400085449219,429.26641845703125,92673900,0.59
2021-08-18,442.9599914550781,438.9200134277344,444.6300048828125,439.17999267578125,424.5681457519531,89351900,0.65
2021-08-19,436.2699890136719,436.1199951171875,441.1400146484375,439.8599853515625,425.2254943847656,92812200,0.65
2021-08-20,440.2300109863281,439.7099914550781,443.7099914550781,443.3599853515625,428.60906982421875,72008700,0.615
2021-08-23,445.1600036621094,443.44000244140625,448.2300109863281,447.260009765625,432.37933349609375,54973000,0.69
2021-08-24,447.9700012207031,447.4200134277344,448.5400085449219,447.9700012207031,433.06561279296875,38744700,0.66
2021-08-25,448.1700134277344,447.7699890136719,449.4599914550781,448.9100036621094,433.9743957519531,40529700,0.695
2021-08-26,448.6099853515625,446.1600036621094,448.8599853515625,446.260009765625,431.41259765625,57829600,0.705
2021-08-27,447.1199951171875,447.05999755859375,450.6499938964844,450.25,435.26983642578125,77235100,0.76
2021-08-30,450.9700012207031,450.7099914550781,453.07000732421875,452.2300109863281,437.1839599609375,48357400,0.72
2021-08-31,452.1300048828125,450.9200134277344,452.489990234375,451.55999755859375,436.5362243652344,59300200,0.74
2021-09-01,452.55999755859375,451.54998779296875,453.1099853515625,451.79998779296875,436.7682189941406,48721400,0.785
2021-09-02,453.32000732421875,451.9100036621094,454.04998779296875,453.19000244140625,438.1119689941406,42501000,0.805
2021-09-03,451.9800109863281,451.54998779296875,453.6300048828125,453.0799865722656,438.00567626953125,47170500,0.8
2021-09-07,452.7099914550781,450.739990234375,452.80999755859375,451.4599914550781,436.4395446777344,51671500,0.795
2021-09-08,450.8900146484375,448.8599853515625,451.6700134277344,450.9100036621094,435.90789794921875,56181900,0.675
2021-09-09,450.70001220703125,448.7200012207031,452.57000732421875,448.9800109863281,434.0421447753906,57970400,0.675
2021-09-10,451.0400085449219,445.30999755859375,451.489990234375,445.44000244140625,430.6198425292969,89948200,0.56
2021-09-13,448.6400146484375,444.1099853515625,448.9200134277344,446.5799865722656,431.7218933105469,83738600,0.53
2021-09-14,448.1199951171875,443.2200012207031,448.3399963378906,444.1700134277344,429.3921203613281,78197100,0.365
2021-09-15,444.6199951171875,443.44000244140625,448.4100036621094,447.8800048828125,432.97869873046875,78792200,0.585
2021-09-16,447.32000732421875,444.0199890136719,448.3599853515625,447.1700134277344,432.2923583984375,77786700,0.655
2021-09-17,444.9200134277344,441.0199890136719,445.3699951171875,441.3999938964844,428.0813293457031,118425000,0.365
2021-09-20,434.8800048828125,428.8599853515625,436.55999755859375,434.0400085449219,420.9433898925781,166445500,0.585
2021-09-21,436.5299987792969,433.07000732421875,437.9100036621094,433.6300048828125,420.5457763671875,92526100,0.385
2021-09-22,436.04998779296875,433.75,440.0299987792969,437.8599853515625,424.64813232421875,102350100,0.365
2021-09-23,439.8500061035156,439.6000061035156,444.8900146484375,443.17999267578125,429.8075866699219,76396000,0.585
2021-09-24,441.44000244140625,441.2099914550781,444.6700134277344,443.9100036621094,430.515625,62094800,0.775
2021-09-27,442.80999755859375,441.8999938964844,444.04998779296875,442.6400146484375,429.283935546875,61371100,0.72
2021-09-28,439.69000244140625,432.94000244140625,440.0400085449219,433.7200012207031,420.633056640625,130436300,0.49
2021-09-29,435.19000244140625,433.8500061035156,437.0400085449219,434.45001220703125,421.3410339355469,82329200,0.475
2021-09-30,436.0199890136719,428.7799987792969,436.7699890136719,429.1400146484375,416.1912841796875,140506000,0.52
2021-10-01,430.9800109863281,427.2300109863281,436.0299987792969,434.239990234375,421.1373596191406,129240100,0.46
2021-10-04,433.0,426.3599853515625,433.9599914550781,428.6400146484375,415.70635986328125,128570000,0.56
2021-10-05,430.239990234375,429.3900146484375,435.489990234375,433.1000061035156,420.0317077636719,90682500,0.52
2021-10-06,429.2699890136719,427.5400085449219,435.1199951171875,434.8999938964844,421.7774963378906,113032200,0.475
2021-10-07,438.3900146484375,438.20001220703125,441.67999267578125,438.6600036621094,425.4239807128906,72437500,0.795
2021-10-08,439.4800109863281,437.19000244140625,439.8900146484375,437.8599853515625,424.64813232421875,74557400,0.865
2021-10-11,437.1600036621094,434.6199951171875,440.260009765625,434.69000244140625,421.5738220214844,65233300,0.635
2021-10-12,435.6700134277344,432.7799987792969,436.1000061035156,433.6199951171875,420.53607177734375,71181200,0.59
2021-10-13,434.7099914550781,431.5400085449219,436.04998779296875,435.17999267578125,422.04901123046875,72974000,0.76
2021-10-14,439.0799865722656,438.5799865722656,442.6600036621094,442.5,429.14813232421875,70236800,0.975
2021-10-15,444.75,444.0899963378906,446.260009765625,445.8699951171875,432.41644287109375,66260200,0.975
2021-10-18,443.9700012207031,443.2699890136719,447.54998779296875,447.19000244140625,433.6966247558594,62213200,0.975
2021-10-19,448.9200134277344,448.2699890136719,450.7099914550781,450.6400146484375,437.0425109863281,46996800,0.93
2021-10-20,451.1300048828125,451.010009765625,452.7300109863281,452.4100036621094,438.75909423828125,49571600,0.935
2021-10-21,451.7699890136719,451.30999755859375,453.8299865722656,453.5899963378906,439.90350341796875,41305400,0.955
2021-10-22,453.1300048828125,451.04998779296875,454.6700134277344,453.1199951171875,439.44775390625,58845100,0.96
2021-10-25,454.2799987792969,452.3900146484375,455.8999938964844,455.54998779296875,441.8043518066406,45214500,0.94
2021-10-26,457.20001220703125,455.55999755859375,458.489990234375,455.9599914550781,442.2019958496094,56075100,0.89
2021-10-27,456.45001220703125,453.8599853515625,457.1600036621094,453.94000244140625,440.24298095703125,72438000,0.89
2021-10-28,455.4599914550781,455.45001220703125,458.3999938964844,458.32000732421875,444.49078369140625,51437900,0.885
2021-10-29,455.8699951171875,455.55999755859375,459.55999755859375,459.25,445.3927307128906,70162400,0.915
2021-11-01,460.29998779296875,458.20001220703125,460.70001220703125,460.0400085449219,446.1589050292969,48433600,0.785
2021-11-02,460.2200012207031,460.0799865722656,462.2300109863281,461.8999938964844,447.9627685546875,48908400,0.855
2021-11-03,461.29998779296875,460.8299865722656,465.1499938964844,464.7200012207031,450.69769287109375,52509800,0.835
2021-11-04,465.3599853515625,464.989990234375,467.0,466.9100036621094,452.8215637207031,52847100,0.805
2021-11-05,469.2799987792969,466.9200134277344,470.6499938964844,468.5299987792969,454.3927307128906,66390600,0.78
2021-11-08,469.70001220703125,468.20001220703125,470.2300109863281,468.92999267578125,454.7806091308594,50405200,0.83
2021-11-09,469.32000732421875,465.8800048828125,469.57000732421875,467.3800048828125,453.2773742675781,51149100,0.79
2021-11-10,465.5799865722656,462.0400085449219,467.3800048828125,463.6199951171875,449.6308288574219,69429700,0.65
2021-11-11,465.2099914550781,463.75,465.2900085449219,463.7699890136719,449.77630615234375,34848500,0.64
2021-11-12,465.1199951171875,464.1099853515625,467.8599853515625,467.2699890136719,453.1707763671875,53466700,0.805
2021-11-15,468.6400146484375,466.2300109863281,468.80999755859375,467.42999267578125,453.3258972167969,46980500,0.81
2021-11-16,467.1499938964844,467.07000732421875,470.489990234375,469.2799987792969,455.1201171875,48857500,0.79
2021-11-17,469.0,467.4800109863281,469.19000244140625,468.1400146484375,454.0145263671875,47858300,0.78
2021-11-18,469.239990234375,466.3399963378906,470.010009765625,469.7300109863281,455.5564880371094,50625600,0.79
2021-11-19,469.6099853515625,468.5,470.94000244140625,468.8900146484375,454.7418518066406,57315600,0.735
2021-11-22,470.8900146484375,467.3500061035156,473.5400085449219,467.57000732421875,453.4617004394531,72762000,0.7
2021-11-23,467.2200012207031,464.45001220703125,469.1000061035156,468.19000244140625,454.06298828125,73206500,0.66
2021-11-24,466.05999755859375,465.19000244140625,469.57000732421875,469.44000244140625,455.2752685546875,61858800,0.705
2021-11-26,462.3399963378906,457.7699890136719,463.8999938964844,458.9700012207031,445.1211853027344,112669600,0.36
2021-11-29,464.07000732421875,461.7300109863281,466.55999755859375,464.6000061035156,450.5813293457031,86268800,0.61
2021-11-30,462.0,455.29998779296875,464.0299987792969,455.55999755859375,441.8140563964844,148559600,0.465
2021-12-01,461.6400146484375,450.2900085449219,464.6700134277344,450.5,436.9067687988281,131939200,0.345
2021-12-02,450.7300109863281,450.30999755859375,459.07000732421875,457.3999938964844,443.59857177734375,127637800,0.415
2021-12-03,459.1700134277344,448.9200134277344,460.29998779296875,453.4200134277344,439.7386474609375,137331600,0.41
2021-12-06,456.1300048828125,453.55999755859375,460.7900085449219,458.7900085449219,444.9466247558594,98977500,0.44
2021-12-07,464.4100036621094,458.6499938964844,468.8800048828125,468.2799987792969,454.1502380371094,95484700,0.795
2021-12-08,468.70001220703125,466.8299865722656,470.0,469.5199890136719,455.3528137207031,72238800,0.81
2021-12-09,468.1499938964844,466.1400146484375,469.6300048828125,466.3500061035156,452.2784729003906,61272600,0.87
2021-12-10,469.2300109863281,466.510009765625,470.8999938964844,470.739990234375,456.5360107421875,77159800,0.88
2021-12-13,470.19000244140625,466.2699890136719,470.55999755859375,466.57000732421875,452.49188232421875,87724700,0.865
2021-12-14,463.0899963378906,460.25,465.739990234375,463.3599853515625,449.3786926269531,97264100,0.735
2021-12-15,463.4200134277344,460.739990234375,470.8599853515625,470.6000061035156,456.4002380371094,116899300,0.875
2021-12-16,472.57000732421875,464.79998779296875,472.8699951171875,466.45001220703125,452.37548828125,116568600,0.815
2021-12-17,461.54998779296875,458.05999755859375,464.739990234375,459.8699951171875,447.5608825683594,135511600,0.72
2021-12-20,454.4800109863281,451.1400146484375,455.3999938964844,454.9800109863281,442.80181884765625,107134800,0.63
2021-12-21,458.6099853515625,456.30999755859375,463.2099914550781,463.05999755859375,450.66552734375,69806300,0.655
2021-12-22,462.7900085449219,462.5799865722656,467.80999755859375,467.69000244140625,455.17156982421875,58890200,0.855
2021-12-22,462.7900085449219,462.5799865722656,467.80999755859375,467.69000244140625,455.17156982421875,58890200,0.845
2021-12-23,468.75,468.6400146484375,472.19000244140625,470.6000061035156,458.00372314453125,56439700,0.865
2021-12-23,468.75,468.6400146484375,472.19000244140625,470.6000061035156,458.00372314453125,56439700,0.875
2021-12-27,472.05999755859375,472.010009765625,477.30999755859375,477.260009765625,464.4854431152344,56808600,0.845
2021-12-27,472.05999755859375,472.010009765625,477.30999755859375,477.260009765625,464.4854431152344,56808600,0.85
2021-12-28,477.7200012207031,476.05999755859375,478.80999755859375,476.8699951171875,464.1058349609375,47274600,0.86
2021-12-28,477.7200012207031,476.05999755859375,478.80999755859375,476.8699951171875,464.1058349609375,47274600,0.865
2021-12-29,476.9800109863281,475.9200134277344,478.55999755859375,477.4800109863281,464.69952392578125,54503000,0.88
2021-12-29,476.9800109863281,475.9200134277344,478.55999755859375,477.4800109863281,464.69952392578125,54503000,0.875
2021-12-30,477.92999267578125,475.6700134277344,479.0,476.1600036621094,463.4148864746094,55329000,0.89
2021-12-30,477.92999267578125,475.6700134277344,479.0,476.1600036621094,463.4148864746094,55329000,0.89
2021-12-31,475.6400146484375,474.6700134277344,476.8599853515625,474.9599914550781,462.24700927734375,65237400,0.86
2021-12-31,475.6400146484375,474.6700134277344,476.8599853515625,474.9599914550781,462.24700927734375,65237400,0.865
2022-01-03,476.29998779296875,473.8500061035156,477.8500061035156,477.7099914550781,464.9233703613281,72668200,0.85
2022-01-04,479.2200012207031,475.5799865722656,479.9800109863281,477.54998779296875,464.76763916015625,71178700,0.845
2022-01-05,477.1600036621094,468.2799987792969,477.9800109863281,468.3800048828125,455.8431396484375,104538900,0.565
2022-01-06,467.8900146484375,465.42999267578125,470.82000732421875,467.94000244140625,455.4149169921875,86858900,0.56
2022-01-07,467.95001220703125,464.6499938964844,469.20001220703125,466.0899963378906,453.6144104003906,85111600,0.64
2022-01-10,462.70001220703125,456.6000061035156,465.739990234375,465.510009765625,453.0499572753906,119362000,0.51
2022-01-11,465.2300109863281,462.04998779296875,469.8500061035156,469.75,457.17645263671875,74303100,0.565
2022-01-12,471.5899963378906,468.94000244140625,473.20001220703125,471.0199890136719,458.4124450683594,67605400,0.665
2022-01-13,472.19000244140625,463.44000244140625,472.8800048828125,464.5299987792969,452.0961608886719,91173100,0.445
2022-01-14,461.19000244140625,459.8999938964844,465.0899963378906,464.7200012207031,452.2810974121094,95890900,0.4
2022-01-18,459.739990234375,455.30999755859375,459.9599914550781,456.489990234375,444.2713928222656,109709100,0.39
2022-01-19,458.1300048828125,451.4599914550781,459.6099853515625,451.75,439.65826416015625,109357600,0.305
2022-01-20,453.75,444.5,458.739990234375,446.75,434.79205322265625,122379700,0.23
2022-01-21,445.55999755859375,437.95001220703125,448.05999755859375,437.9800109863281,426.2568359375,202271200,0.15
2022-01-24,432.0299987792969,420.760009765625,440.3800048828125,439.8399963378906,428.0670471191406,251783900,0.08
2022-01-25,433.05999755859375,427.1499938964844,439.7200012207031,434.4700012207031,422.8407897949219,167997300,0.055
2022-01-26,440.7200012207031,428.8599853515625,444.0400085449219,433.3800048828125,421.7799377441406,186391100,0.035
2022-01-27,438.260009765625,429.45001220703125,441.5899963378906,431.239990234375,419.69720458984375,149878300,0.045
2022-01-28,432.67999267578125,427.82000732421875,442.0,441.95001220703125,430.12060546875,164457400,0.21
2022-01-31,441.239990234375,439.80999755859375,450.2799987792969,449.9100036621094,437.8675231933594,152251400,0.655
2022-02-01,450.67999267578125,446.94000244140625,453.6300048828125,452.95001220703125,440.826171875,123155400,0.795
2022-02-02,455.5,453.04998779296875,458.1199951171875,457.3500061035156,445.10833740234375,117361000,0.84
2022-02-03,450.95001220703125,445.7099914550781,452.9700012207031,446.6000061035156,434.6460876464844,118024400,0.7
2022-02-04,446.3500061035156,443.8299865722656,452.7799987792969,448.70001220703125,436.6898498535156,118454400,0.805
2022-02-07,449.510009765625,445.8500061035156,450.989990234375,447.260009765625,435.2884521484375,84472900,0.785
2022-02-08,446.7300109863281,445.2200012207031,451.9200134277344,450.94000244140625,438.86993408203125,81012000,0.895
2022-02-09,455.2200012207031,455.010009765625,457.8800048828125,457.5400085449219,445.2933044433594,92589900,0.93
2022-02-10,451.3399963378906,447.20001220703125,457.7099914550781,449.32000732421875,437.2933044433594,140103700,0.865
2022-02-11,449.4100036621094,438.94000244140625,451.6099853515625,440.4599914550781,428.67047119140625,153214600,0.75
2022-02-14,439.9200134277344,435.3399963378906,441.6000061035156,439.0199890136719,427.26898193359375,123006300,0.71
2022-02-15,443.7300109863281,443.17999267578125,446.2799987792969,446.1000061035156,434.1595153808594,88482700,0.79
2022-02-16,443.92999267578125,441.94000244140625,448.05999755859375,446.6000061035156,434.6460876464844,84863600,0.8
2022-02-17,443.2200012207031,436.4200134277344,446.57000732421875,437.05999755859375,425.3614501953125,102259100,0.71
2022-02-18,437.3299865722656,431.82000732421875,438.6600036621094,434.2300109863281,422.607177734375,132642900,0.565
2022-02-22,431.8900146484375,425.8599853515625,435.5,429.57000732421875,418.0719299316406,124391800,0.34
2022-02-23,432.6600036621094,421.3500061035156,433.260009765625,421.95001220703125,410.6559143066406,132578000,0.285
2022-02-24,411.0199890136719,410.6400146484375,428.760009765625,428.29998779296875,416.8359069824219,213942900,0.19
2022-02-25,429.6099853515625,427.8599853515625,437.8399963378906,437.75,426.03302001953125,121804500,0.49
2022-02-28,432.0299987792969,430.70001220703125,438.20001220703125,436.6300048828125,424.94293212890625,145615000,0.555
2022-03-01,435.0400085449219,427.1099853515625,437.1700134277344,429.9800109863281,418.470947265625,137785900,0.45
2022-03-02,432.3699951171875,431.57000732421875,439.7200012207031,437.8900146484375,426.1692199707031,117726500,0.7
2022-03-03,440.4700012207031,433.79998779296875,441.1099853515625,435.7099914550781,424.0475769042969,105501700,0.61
2022-03-04,431.75,427.8800048828125,433.3699951171875,432.1700134277344,420.60235595703125,113978200,0.64
2022-03-07,431.54998779296875,419.3599853515625,432.29998779296875,419.42999267578125,408.2033386230469,137896600,0.495
2022-03-08,419.6199951171875,415.1199951171875,427.2099914550781,416.25,405.1084289550781,164772700,0.38
2022-03-09,425.1400146484375,422.82000732421875,429.510009765625,427.4100036621094,415.9697570800781,116990800,0.585
2022-03-10,422.5199890136719,420.44000244140625,426.42999267578125,425.4800109863281,414.09136962890625,93972700,0.56
2022-03-11,428.1199951171875,419.5299987792969,428.7699890136719,420.07000732421875,408.8262023925781,95636300,0.555
2022-03-14,420.8900146484375,415.7900085449219,424.54998779296875,417.0,405.83837890625,95729200,0.505
2022-03-15,419.7699890136719,418.4200134277344,426.8399963378906,426.1700134277344,414.762939453125,106219100,0.63
2022-03-16,429.8900146484375,424.79998779296875,435.67999267578125,435.6199951171875,423.9599914550781,144954800,0.765
2022-03-17,433.5899963378906,433.19000244140625,441.07000732421875,441.07000732421875,429.26409912109375,102676900,0.705
2022-03-18,438.0,437.2200012207031,444.8599853515625,444.5199890136719,433.9657287597656,106345500,0.88
2022-03-21,444.3399963378906,440.67999267578125,446.4599914550781,444.3900146484375,433.83880615234375,88349800,0.88
2022-03-22,445.8599853515625,445.8599853515625,450.5799865722656,449.5899963378906,438.91534423828125,74650400,0.95
2022-03-23,446.9100036621094,443.7099914550781,448.489990234375,443.79998779296875,433.2628173828125,79426100,0.895
2022-03-24,445.94000244140625,444.760009765625,450.5,450.489990234375,439.7939758300781,64736900,0.97
2022-03-25,451.1600036621094,448.42999267578125,452.9800109863281,452.69000244140625,441.9417419433594,77101300,0.99
2022-03-28,452.05999755859375,450.05999755859375,455.9100036621094,455.9100036621094,445.0853271484375,68529800,0.875
2022-03-29,460.0199890136719,457.17999267578125,462.07000732421875,461.54998779296875,450.59136962890625,86581500,0.98
2022-03-30,460.3399963378906,456.4700012207031,461.20001220703125,458.70001220703125,447.80908203125,79666900,0.95
2022-03-31,457.8900146484375,451.1600036621094,458.760009765625,451.6400146484375,440.916748046875,121699900,0.73
2022-04-01,453.30999755859375,449.1400146484375,453.4599914550781,452.9200134277344,442.1663513183594,89048800,0.685
2022-04-04,453.1300048828125,452.260009765625,456.9100036621094,456.79998779296875,445.95416259765625,59601000,0.925
2022-04-05,455.2200012207031,449.82000732421875,457.8299865722656,451.0299987792969,440.3211975097656,74214500,0.58
2022-04-06,446.8900146484375,443.4700012207031,448.92999267578125,446.5199890136719,435.9182434082031,106898000,0.53
2022-04-07,445.5899963378906,443.5299987792969,450.69000244140625,448.7699890136719,438.1148681640625,78097200,0.58
2022-04-08,447.9700012207031,445.94000244140625,450.6300048828125,447.57000732421875,436.9433288574219,79272700,0.565
2022-04-11,444.1099853515625,439.3900146484375,445.0,439.9200134277344,429.4750061035156,89770500,0.465
2022-04-12,443.0799865722656,436.6499938964844,445.75,438.2900085449219,427.8836975097656,84363600,0.44
2022-04-13,438.0299987792969,437.8399963378906,444.1099853515625,443.30999755859375,432.7844543457031,74070400,0.46
2022-04-14,443.54998779296875,437.67999267578125,444.7300109863281,437.7900085449219,427.3955078125,97869500,0.4
2022-04-18,436.80999755859375,435.6099853515625,439.75,437.9700012207031,427.5712890625,66002500,0.385
2022-04-19,437.8599853515625,437.67999267578125,445.79998779296875,445.0400085449219,434.473388671875,77821000,0.53
2022-04-20,446.9200134277344,443.4800109863281,447.57000732421875,444.7099914550781,434.1512145996094,65224400,0.665
2022-04-21,448.5400085449219,437.1000061035156,450.010009765625,438.05999755859375,427.65911865234375,85417300,0.51
2022-04-22,436.9100036621094,425.44000244140625,438.0799865722656,426.0400085449219,415.924560546875,132471800,0.255
2022-04-25,423.6700134277344,418.8399963378906,428.69000244140625,428.510009765625,418.3359069824219,119647700,0.285
2022-04-26,425.8299865722656,416.07000732421875,426.0400085449219,416.1000061035156,406.2205505371094,103996300,0.105
2022-04-27,417.239990234375,415.010009765625,422.9200134277344,417.2699890136719,407.36273193359375,122030000,0.105
2022-04-28,422.2900085449219,417.6000061035156,429.6400146484375,427.80999755859375,417.6524963378906,105449100,0.235
2022-04-29,423.5899963378906,411.2099914550781,425.8699951171875,412.0,402.2178649902344,145491100,0.1
2022-05-02,412.07000732421875,405.0199890136719,415.9200134277344,414.4800109863281,404.6390075683594,158312500,0.105
2022-05-03,415.010009765625,413.3599853515625,418.92999267578125,416.3800048828125,406.493896484375,100028200,0.155
2022-05-04,417.0799865722656,413.7099914550781,429.6600036621094,429.05999755859375,418.872802734375,144247900,0.57
2022-05-05,424.54998779296875,409.44000244140625,425.0,413.80999755859375,403.98486328125,172929100,0.2
2022-05-06,411.1000061035156,405.7300109863281,414.79998779296875,411.3399963378906,401.5735168457031,151770800,0.355
2022-05-09,405.1000061035156,396.5,406.4100036621094,398.1700134277344,388.71624755859375,155586100,0.085
2022-05-10,404.489990234375,394.82000732421875,406.0799865722656,399.0899963378906,389.6144104003906,132497200,0.115
2022-05-11,398.07000732421875,391.9599914550781,404.0400085449219,392.75,383.4249267578125,142361000,0.075
2022-05-12,389.3699951171875,385.1499938964844,395.79998779296875,392.3399963378906,383.0246887207031,125090800,0.095
2022-05-13,396.7099914550781,395.6099853515625,403.17999267578125,401.7200012207031,392.18194580078125,104174400,0.315
2022-05-16,399.9800109863281,397.6000061035156,403.9700012207031,400.0899963378906,390.5906677246094,78622400,0.33
2022-05-17,406.5299987792969,402.5799865722656,408.57000732421875,408.32000732421875,398.625244140625,83029700,0.665
2022-05-18,403.5,390.54998779296875,403.79998779296875,391.8599853515625,382.5560302734375,117674500,0.37
2022-05-19,388.6199951171875,387.1099853515625,394.1400146484375,389.4599914550781,380.2130126953125,98510700,0.365
2022-05-20,393.25,380.5400085449219,397.0299987792969,389.6300048828125,380.3790588378906,131432200,0.29
2022-05-23,392.8299865722656,390.3800048828125,397.7300109863281,396.9200134277344,387.4959411621094,76414900,0.52
2022-05-24,392.55999755859375,386.9599914550781,395.1499938964844,393.8900146484375,384.53790283203125,91448800,0.525
2022-05-25,392.30999755859375,391.8900146484375,399.45001220703125,397.3699951171875,387.93524169921875,91472900,0.62
2022-05-26,398.6700134277344,398.45001220703125,407.0400085449219,405.30999755859375,395.6866760253906,82168300,0.82
2022-05-27,407.9100036621094,407.70001220703125,415.3800048828125,415.260009765625,405.4004821777344,84768700,0.885
2022-05-31,413.54998779296875,410.0299987792969,416.4599914550781,412.92999267578125,403.1257629394531,95937000,0.905
2022-06-01,415.1700134277344,406.92999267578125,416.239990234375,409.5899963378906,399.8650817871094,86585800,0.835
2022-06-02,409.4200134277344,407.0400085449219,417.44000244140625,417.3900146484375,407.47991943359375,79609600,0.865
2022-06-03,412.3999938964844,409.510009765625,414.0400085449219,410.5400085449219,400.79254150390625,71874300,0.855
2022-06-06,414.7799987792969,410.54998779296875,416.6099853515625,411.7900085449219,402.0128479003906,57508900,0.92
2022-06-07,408.1000061035156,407.6099853515625,416.2200012207031,415.739990234375,405.8690490722656,59272400,0.925
2022-06-08,413.92999267578125,410.3800048828125,415.82000732421875,411.2200012207031,401.4564208984375,64350000,0.875
2022-06-09,409.3399963378906,401.44000244140625,411.739990234375,401.44000244140625,391.9085998535156,86289800,0.865
2022-06-10,394.8800048828125,389.75,395.7799987792969,389.79998779296875,380.5449523925781,132893900,0.655
2022-06-13,379.8500061035156,373.29998779296875,381.80999755859375,375.0,366.09637451171875,170004900,0.345
2022-06-14,376.8500061035156,370.5899963378906,377.94000244140625,373.8699951171875,364.9931945800781,104011800,0.34
2022-06-15,377.3599853515625,372.1199951171875,383.8999938964844,379.20001220703125,370.1966552734375,125666800,0.16
2022-06-16,370.510009765625,364.0799865722656,370.94000244140625,366.6499938964844,357.94464111328125,134473300,0.135
2022-06-17,365.510009765625,362.1700134277344,369.3800048828125,365.8599853515625,358.7162170410156,111113900,0.245
2022-06-21,371.8900146484375,371.80999755859375,376.5299987792969,375.07000732421875,367.7464294433594,76811900,0.355
2022-06-22,370.6199951171875,370.17999267578125,378.7200012207031,374.3900146484375,367.0797424316406,90059400,0.33
2022-06-23,376.6400146484375,372.8900146484375,378.8299865722656,378.05999755859375,370.67803955078125,79292100,0.47
2022-06-24,381.3999938964844,381.3699951171875,390.0899963378906,390.0799865722656,382.46331787109375,98050300,0.785
2022-06-27,391.04998779296875,387.44000244140625,391.3599853515625,388.5899963378906,381.0024108886719,66009600,0.84
2022-06-28,390.2300109863281,380.5299987792969,393.1600036621094,380.6499938964844,373.21746826171875,86548900,0.73
2022-06-29,381.2300109863281,378.4200134277344,382.2699890136719,380.3399963378906,372.91351318359375,65676000,0.72
2022-06-30,376.239990234375,372.55999755859375,380.6600036621094,377.25,369.8838806152344,112508300,0.65
2022-07-01,376.55999755859375,373.79998779296875,381.70001220703125,381.239990234375,373.7959289550781,74839700,0.79
2022-07-05,375.8800048828125,372.8999938964844,381.9800109863281,381.9599914550781,374.50189208984375,81438000,0.77
2022-07-06,382.1099853515625,379.6000061035156,385.8699951171875,383.25,375.7667236328125,70426200,0.785
2022-07-07,385.1199951171875,383.2699890136719,389.8299865722656,388.989990234375,381.3946228027344,64525900,0.895
2022-07-08,387.2699890136719,385.6600036621094,390.6400146484375,388.6700134277344,381.08087158203125,72397800,0.915
2022-07-11,385.8500061035156,383.5,386.8699951171875,384.2300109863281,376.72760009765625,58366900,0.81
2022-07-12,383.6499938964844,378.989990234375,386.1600036621094,380.8299865722656,373.39398193359375,62219200,0.795
2022-07-13,375.1000061035156,374.6600036621094,381.9200134277344,378.8299865722656,371.4329833984375,84224600,0.765
2022-07-14,373.6099853515625,371.0400085449219,379.04998779296875,377.9100036621094,370.531005859375,89704800,0.83
2022-07-15,382.54998779296875,380.5400085449219,385.25,385.1300048828125,377.6100158691406,79060400,0.845
2022-07-18,388.3800048828125,380.6600036621094,389.0899963378906,381.95001220703125,374.4920959472656,63203600,0.695
2022-07-19,386.0799865722656,385.3900146484375,392.8699951171875,392.2699890136719,384.610595703125,78506000,0.88
2022-07-20,392.4700012207031,391.0299987792969,396.260009765625,394.7699890136719,387.0617370605469,71843800,0.925
2022-07-21,394.1600036621094,391.6300048828125,398.8399963378906,398.7900085449219,391.0032653808594,64903900,0.905
2022-07-22,398.9200134277344,392.75,400.17999267578125,395.0899963378906,387.3755187988281,72197300,0.905
2022-07-25,395.75,393.2099914550781,396.4700012207031,395.57000732421875,387.84613037109375,53631500,0.92
2022-07-26,393.8399963378906,389.95001220703125,394.05999755859375,390.8900146484375,383.2575378417969,52946400,0.805
2022-07-27,394.3599853515625,394.04998779296875,402.8800048828125,401.0400085449219,393.2093505859375,82342100,0.925
2022-07-28,401.8900146484375,398.1499938964844,406.79998779296875,406.07000732421875,398.14117431640625,73966600,0.92
2022-07-29,407.5799865722656,406.7699890136719,413.0299987792969,411.989990234375,403.9455261230469,87003700,0.935
2022-08-01,409.1499938964844,408.3999938964844,413.4100036621094,410.7699890136719,402.74932861328125,69997500,0.925
2022-08-02,409.1199951171875,406.82000732421875,413.0,408.05999755859375,400.09228515625,63435400,0.82
2022-08-03,410.29998779296875,410.0,415.67999267578125,414.45001220703125,406.3575134277344,67820600,0.945
2022-08-04,414.3699951171875,412.44000244140625,415.0899963378906,414.1700134277344,406.0829772949219,45656600,0.94
2022-08-05,409.6600036621094,409.6000061035156,414.1499938964844,413.4700012207031,405.39666748046875,56814900,0.95
2022-08-08,415.25,411.8299865722656,417.6199951171875,412.989990234375,404.9259948730469,53886100,0.935
2022-08-09,412.2200012207031,410.2200012207031,412.75,411.3500061035156,403.31805419921875,44931800,0.875
2022-08-10,418.7799987792969,416.7200012207031,420.1400146484375,419.989990234375,411.7893371582031,68665700,0.96
2022-08-11,422.989990234375,419.2099914550781,424.95001220703125,419.989990234375,411.7893371582031,59489700,0.93
2022-08-12,422.0299987792969,421.0299987792969,427.2099914550781,427.1000061035156,418.760498046875,61694500,0.955
2022-08-15,424.7699890136719,424.7099914550781,429.4100036621094,428.8599853515625,420.4861145019531,54048300,0.955
2022-08-16,427.7300109863281,426.8800048828125,431.7300109863281,429.70001220703125,421.3097229003906,59289000,0.92
2022-08-17,425.9100036621094,424.5400085449219,429.5,426.6499938964844,418.3192443847656,63563400,0.88
2022-08-18,426.8599853515625,425.5,428.6099853515625,427.8900146484375,419.53509521484375,49023200,0.895
2022-08-19,424.9800109863281,421.2200012207031,425.260009765625,422.1400146484375,413.8973693847656,68016900,0.67
2022-08-22,417.04998779296875,412.3999938964844,417.2300109863281,413.3500061035156,405.27899169921875,77695600,0.6
2022-08-23,412.8999938964844,411.7699890136719,415.4200134277344,412.3500061035156,404.29852294921875,49105200,0.575
2022-08-24,412.1099853515625,411.3900146484375,415.1099853515625,413.6700134277344,405.5927429199219,49177800,0.605
2022-08-25,415.239990234375,414.0899963378906,419.55999755859375,419.510009765625,411.3187255859375,50942300,0.64
2022-08-26,419.3900146484375,405.25,419.9599914550781,405.30999755859375,397.39593505859375,103087000,0.425
2022-08-29,402.20001220703125,401.20001220703125,405.8399963378906,402.6300048828125,394.7682800292969,65370800,0.41
2022-08-30,403.8500061035156,396.0,404.1000061035156,398.2099914550781,390.4346008300781,85652400,0.35
2022-08-31,399.92999267578125,395.0400085449219,401.239990234375,395.17999267578125,387.4637451171875,76029700,0.33
2022-09-01,392.8900146484375,390.0400085449219,396.7799987792969,396.4200134277344,388.6795654296875,78740100,0.35
2022-09-02,400.2799987792969,390.3299865722656,401.55999755859375,392.239990234375,384.5811462402344,99632100,0.375
2022-09-06,393.1300048828125,388.4200134277344,394.1199951171875,390.760009765625,383.1300964355469,76637400,0.415
2022-09-07,390.42999267578125,390.20001220703125,398.5899963378906,397.7799987792969,390.01300048828125,70964200,0.48
2022-09-08,395.3900146484375,394.1199951171875,400.8599853515625,400.3800048828125,392.5622253417969,80821700,0.445
2022-09-09,402.739990234375,402.4599914550781,407.510009765625,406.6000061035156,398.6607971191406,76706900,0.585
2022-09-12,408.7799987792969,408.4599914550781,411.7300109863281,410.9700012207031,402.9454345703125,69256300,0.795
2022-09-13,401.8299865722656,391.9200134277344,403.1000061035156,393.1000061035156,385.42437744140625,122947100,0.51
2022-09-14,394.4700012207031,391.1199951171875,396.20001220703125,394.6000061035156,386.89508056640625,85023700,0.52
2022-09-15,392.9599914550781,388.7799987792969,395.9599914550781,390.1199951171875,382.5025329589844,87633800,0.54
2022-09-16,384.1400146484375,382.1099853515625,386.25,385.55999755859375,379.58447265625,103084800,0.515
2022-09-19,382.260009765625,382.17999267578125,388.54998779296875,388.54998779296875,382.52813720703125,73278500,0.55
2022-09-20,385.05999755859375,381.20001220703125,386.1199951171875,384.0899963378906,378.1372985839844,77274900,0.47
2022-09-21,386.1099853515625,377.3800048828125,389.30999755859375,377.3900146484375,371.5411376953125,106746600,0.43
2022-09-22,376.5799865722656,373.44000244140625,378.29998779296875,374.2200012207031,368.4202880859375,89472600,0.33
2022-09-23,370.5799865722656,363.2900085449219,370.6199951171875,367.95001220703125,362.2474365234375,122346900,0.265
2022-09-26,366.4100036621094,363.0299987792969,370.2099914550781,364.30999755859375,358.663818359375,92581200,0.23
2022-09-27,368.0199890136719,360.8699951171875,370.3999938964844,363.3800048828125,357.74822998046875,108294100,0.19
2022-09-28,364.3800048828125,362.6000061035156,372.29998779296875,370.5299987792969,364.78741455078125,110802200,0.22
2022-09-29,366.80999755859375,359.70001220703125,367.1099853515625,362.7900085449219,357.16741943359375,112952300,0.145
2022-09-30,361.79998779296875,357.0400085449219,365.9100036621094,357.17999267578125,351.6443176269531,153711200,0.135
2022-10-03,361.0799865722656,359.2099914550781,368.54998779296875,366.6099853515625,360.92816162109375,89756500,0.24
2022-10-04,372.3999938964844,366.57000732421875,378.0,377.9700012207031,372.1121520996094,103602800,0.665
2022-10-05,373.3900146484375,370.95001220703125,379.4599914550781,377.0899963378906,371.2457275390625,88065700,0.725
2022-10-06,375.6199951171875,372.67999267578125,378.7200012207031,373.20001220703125,367.41607666015625,82333500,0.68
2022-10-07,368.9700012207031,360.94000244140625,373.2900085449219,362.7900085449219,357.16741943359375,107789500,0.485
2022-10-10,363.9599914550781,357.6700134277344,364.2099914550781,360.0199890136719,354.4403381347656,76042800,0.45
2022-10-11,358.239990234375,355.7099914550781,363.0299987792969,357.739990234375,352.1956481933594,92482800,0.455
2022-10-12,358.1700134277344,356.29998779296875,359.82000732421875,356.55999755859375,351.033935546875,76991800,0.515
2022-10-13,349.2099914550781,348.1099853515625,367.510009765625,365.9700012207031,360.298095703125,147254500,0.575
2022-10-14,368.54998779296875,356.9599914550781,370.260009765625,357.6300048828125,352.08734130859375,123737000,0.4
2022-10-17,364.010009765625,357.2799987792969,367.9800109863281,366.82000732421875,361.13494873046875,93168200,0.695
2022-10-18,375.1300048828125,367.5199890136719,375.45001220703125,371.1300048828125,365.3781433105469,97162900,0.77
2022-10-19,368.989990234375,365.54998779296875,371.8500061035156,368.5,362.78887939453125,79746900,0.73
2022-10-20,368.0299987792969,364.6099853515625,372.6700134277344,365.4100036621094,359.74676513671875,88283100,0.695
2022-10-21,365.1199951171875,363.5400085449219,374.79998779296875,374.2900085449219,368.4891662597656,131038400,0.87
2022-10-24,375.8900146484375,373.1099853515625,380.05999755859375,378.8699951171875,372.9981994628906,85436900,0.89
2022-10-25,378.7900085449219,378.6700134277344,385.25,384.9200134277344,378.9544372558594,78846300,0.885
2022-10-26,381.6199951171875,381.3500061035156,387.5799865722656,382.0199890136719,376.099365234375,104087300,0.845
2022-10-27,383.07000732421875,379.3299865722656,385.0,379.9800109863281,374.0909729003906,81971800,0.81
2022-10-28,379.8699951171875,379.67999267578125,389.5199890136719,389.0199890136719,382.9908447265625,100302000,0.87
2022-10-31,386.44000244140625,385.260009765625,388.3999938964844,386.2099914550781,380.224365234375,96631300,0.89
2022-11-01,390.1400146484375,383.2900085449219,390.3900146484375,384.5199890136719,378.5605773925781,85407600,0.84
2022-11-02,383.8999938964844,374.760009765625,388.6300048828125,374.8699951171875,369.0602111816406,126990400,0.775
2022-11-03,371.4700012207031,368.7900085449219,374.20001220703125,371.010009765625,365.2600402832031,87100100,0.745
2022-11-04,377.0,370.0,378.8699951171875,376.3500061035156,370.5172424316406,103505200,0.72
2022-11-07,377.7099914550781,375.5299987792969,380.57000732421875,379.95001220703125,374.0614318847656,68286900,0.83
2022-11-08,381.1099853515625,377.7200012207031,385.1199951171875,382.0,376.0796813964844,84641100,0.755
2022-11-09,379.92999267578125,373.6099853515625,381.1400146484375,374.1300048828125,368.3316345214844,78495500,0.79
2022-11-10,388.04998779296875,385.6400146484375,395.0400085449219,394.69000244140625,388.572998046875,141455800,0.92
2022-11-11,395.5899963378906,393.6099853515625,399.3500061035156,398.510009765625,392.33380126953125,93839900,0.92
2022-11-14,396.6600036621094,394.8299865722656,400.17999267578125,395.1199951171875,388.996337890625,71903500,0.93
2022-11-15,401.1499938964844,394.489990234375,402.30999755859375,398.489990234375,392.3140869140625,93194500,0.915
2022-11-16,396.7799987792969,394.7900085449219,397.7799987792969,395.45001220703125,389.32122802734375,68508500,0.815
2022-11-17,390.4599914550781,390.1400146484375,394.95001220703125,394.239990234375,388.1299743652344,74496300,0.8
2022-11-18,397.739990234375,393.0400085449219,397.80999755859375,396.0299987792969,389.8922424316406,92922500,0.86
2022-11-21,394.6400146484375,392.6600036621094,395.82000732421875,394.5899963378906,388.47454833984375,51243200,0.815
2022-11-22,396.6300048828125,395.1499938964844,400.07000732421875,399.8999938964844,393.7022399902344,60429000,0.93
2022-11-23,399.54998779296875,399.30999755859375,402.92999267578125,402.4200134277344,396.1832275390625,68261600,0.92
2022-11-25,401.8299865722656,401.5400085449219,402.9100036621094,402.3299865722656,396.0946044921875,30545400,0.865
2022-11-28,399.0899963378906,395.1099853515625,400.80999755859375,395.9100036621094,389.7740783691406,67881600,0.795
2022-11-29,396.04998779296875,393.29998779296875,397.29998779296875,395.2300109863281,389.1046447753906,52310000,0.77
2022-11-30,395.489990234375,393.4800109863281,407.67999267578125,407.67999267578125,401.3616638183594,144566700,0.81
2022-12-01,408.7699890136719,404.75,410.0,407.3800048828125,401.0663146972656,76398200,0.905
2022-12-02,402.25,402.1400146484375,407.8599853515625,406.9100036621094,400.6036071777344,85342700,0.935
2022-12-05,403.95001220703125,398.1700134277344,404.92999267578125,399.5899963378906,393.3970642089844,77289800,0.665
2022-12-06,399.4200134277344,391.6400146484375,399.989990234375,393.8299865722656,387.7262878417969,77972200,0.57
2022-12-07,392.94000244140625,391.9700012207031,395.6400146484375,393.1600036621094,387.0667419433594,65927900,0.54
2022-12-08,395.1400146484375,393.2699890136719,397.3599853515625,396.239990234375,390.0989685058594,60737900,0.605
2022-12-09,394.94000244140625,393.1499938964844,397.6199951171875,393.2799987792969,387.1848449707031,81447700,0.53
2022-12-12,394.1099853515625,393.4100036621094,398.95001220703125,398.95001220703125,392.7669982910156,75405800,0.72
2022-12-13,410.2200012207031,399.07000732421875,410.489990234375,401.9700012207031,395.7401428222656,123782500,0.72
2022-12-14,401.6099853515625,396.30999755859375,405.5,399.3999938964844,393.2099914550781,108111300,0.65
2022-12-15,394.29998779296875,387.8900146484375,395.25,389.6300048828125,383.5914306640625,117705900,0.355
2022-12-16,385.17999267578125,381.0400085449219,386.5799865722656,383.2699890136719,379.06268310546875,119858000,0.35
2022-12-19,383.4700012207031,378.2799987792969,383.82000732421875,380.0199890136719,375.8483581542969,79878100,0.245
2022-12-19,383.4700012207031,378.2799987792969,383.82000732421875,380.0199890136719,375.8483581542969,79878100,0.28
2022-12-20,379.2300109863281,377.8500061035156,382.2300109863281,380.5400085449219,376.3626403808594,74427200,0.295
2022-12-20,379.2300109863281,377.8500061035156,382.2300109863281,380.5400085449219,376.3626403808594,74427200,0.32
2022-12-21,383.25,382.69000244140625,387.4100036621094,386.2300109863281,381.990234375,78167400,0.44
2022-12-21,383.25,382.69000244140625,387.4100036621094,386.2300109863281,381.990234375,78167400,0.44
2022-12-22,383.04998779296875,374.7699890136719,386.2099914550781,380.7200012207031,376.5406799316406,100120900,0.38
2022-12-22,383.04998779296875,374.7699890136719,386.2099914550781,380.7200012207031,376.5406799316406,100120900,0.385
2022-12-23,379.6499938964844,378.0299987792969,383.05999755859375,382.9100036621094,378.7066650390625,59857300,0.385
2022-12-27,382.7900085449219,379.6499938964844,383.1499938964844,381.3999938964844,377.2132263183594,51638200,0.35
2022-12-27,382.7900085449219,379.6499938964844,383.1499938964844,381.3999938964844,377.2132263183594,51638200,0.35
2022-12-28,381.3299865722656,376.4200134277344,383.3900146484375,376.6600036621094,372.5252685546875,70911500,0.335
2022-12-28,381.3299865722656,376.4200134277344,383.3900146484375,376.6600036621094,372.5252685546875,70911500,0.335
2022-12-29,379.6300048828125,379.0799865722656,384.3500061035156,383.44000244140625,379.2308349609375,66970900,0.51
2022-12-29,379.6300048828125,379.0799865722656,384.3500061035156,383.44000244140625,379.2308349609375,66970900,0.495
2022-12-30,380.6400146484375,378.42999267578125,382.5799865722656,382.42999267578125,378.23193359375,84022200,0.56
2022-12-30,380.6400146484375,378.42999267578125,382.5799865722656,382.42999267578125,378.23193359375,84022200,0.62
2023-01-03,384.3699951171875,377.8299865722656,386.42999267578125,380.82000732421875,376.63958740234375,74850700,0.54
2023-01-04,383.17999267578125,380.0,385.8800048828125,383.760009765625,379.5473327636719,85934100,0.73
2023-01-05,381.7200012207031,378.760009765625,381.8399963378906,379.3800048828125,375.2154235839844,76970500,0.52
2023-01-06,382.6099853515625,379.4100036621094,389.25,388.0799865722656,383.81988525390625,104189600,0.855
2023-01-09,390.3699951171875,387.6700134277344,393.70001220703125,387.8599853515625,383.6022644042969,73978100,0.86
2023-01-10,387.25,386.2699890136719,390.6499938964844,390.5799865722656,386.29241943359375,65358100,0.945
2023-01-11,392.2300109863281,391.3800048828125,395.6000061035156,395.5199890136719,391.17816162109375,68881100,0.925
2023-01-12,396.6700134277344,392.4200134277344,398.489990234375,396.9599914550781,392.6023864746094,90157700,0.915
2023-01-13,393.6199951171875,393.3399963378906,399.1000061035156,398.5,394.1255187988281,63903900,0.965
2023-01-17,398.4800109863281,397.05999755859375,400.2300109863281,397.7699890136719,393.40350341796875,62677300,0.91
2023-01-18,399.010009765625,391.2799987792969,400.1199951171875,391.489990234375,387.19244384765625,99632300,0.695
2023-01-19,389.3599853515625,387.260009765625,391.0799865722656,388.6400146484375,384.3737487792969,86958900,0.63
2023-01-20,390.1000061035156,388.3800048828125,396.0400085449219,395.8800048828125,391.5342712402344,91806400,0.89
2023-01-23,396.7200012207031,395.7200012207031,402.6499938964844,400.6300048828125,396.23211669921875,84178800,0.89
2023-01-24,398.8800048828125,397.6400146484375,401.1499938964844,400.20001220703125,395.8068542480469,59524900,0.875
2023-01-25,395.95001220703125,393.55999755859375,400.70001220703125,400.3500061035156,395.9552001953125,84800300,0.915
2023-01-26,403.1300048828125,400.0299987792969,404.9200134277344,404.75,400.306884765625,72287400,0.955
2023-01-27,403.6600036621094,403.44000244140625,408.1600036621094,405.67999267578125,401.2266845703125,68346200,0.96
2023-01-30,402.79998779296875,400.2799987792969,405.1300048828125,400.5899963378906,396.19256591796875,74202000,0.705
2023-01-31,401.1300048828125,400.7699890136719,406.5299987792969,406.4800109863281,402.0179138183594,86811800,0.965
2023-02-01,405.2099914550781,402.3500061035156,413.6700134277344,410.79998779296875,406.29046630859375,101459200,0.96
2023-02-02,414.8599853515625,412.8800048828125,418.30999755859375,416.7799987792969,412.204833984375,101654500,0.95
2023-02-03,411.5899963378906,411.0899963378906,416.9700012207031,412.3500061035156,407.823486328125,94736800,0.805
2023-02-06,409.7900085449219,408.1000061035156,411.2900085449219,409.8299865722656,405.33111572265625,60295300,0.755
2023-02-07,408.8699951171875,407.57000732421875,416.489990234375,415.19000244140625,410.6322937011719,90990700,0.92
2023-02-08,413.1300048828125,409.92999267578125,414.5299987792969,410.6499938964844,406.1421203613281,76227500,0.74
2023-02-09,414.4100036621094,405.80999755859375,414.57000732421875,407.0899963378906,402.6211853027344,78694900,0.525
2023-02-10,405.8599853515625,405.010009765625,408.44000244140625,408.0400085449219,403.560791015625,70769700,0.515
2023-02-13,408.7200012207031,408.239990234375,412.9700012207031,412.8299865722656,408.29815673828125,64913500,0.885
2023-02-14,411.239990234375,408.510009765625,415.04998779296875,412.6400146484375,408.11029052734375,88389300,0.865
2023-02-15,410.3500061035156,409.4700012207031,414.05999755859375,413.9800109863281,409.4355773925781,61555700,0.93
2023-02-16,408.7900085449219,408.1400146484375,412.9100036621094,408.2799987792969,403.7981262207031,76431500,0.565
2023-02-17,406.05999755859375,404.04998779296875,407.510009765625,407.260009765625,402.7893371582031,89257800,0.47
2023-02-21,403.05999755859375,398.82000732421875,404.1600036621094,399.0899963378906,394.70904541015625,82655900,0.52
2023-02-22,399.5199890136719,397.0199890136719,401.1300048828125,398.5400085449219,394.1650695800781,83742300,0.395
2023-02-23,401.55999755859375,396.25,402.20001220703125,400.6600036621094,396.2618103027344,96242400,0.465
2023-02-24,395.4200134277344,393.6400146484375,397.25,396.3800048828125,392.0287780761719,108194400,0.44
2023-02-27,399.8699951171875,396.75,401.2900085449219,397.7300109863281,393.36395263671875,80444700,0.43
2023-02-28,397.2300109863281,396.1499938964844,399.2799987792969,396.260009765625,391.9101257324219,96438600,0.39
2023-03-01,395.4100036621094,393.3800048828125,396.69000244140625,394.739990234375,390.4067687988281,99706800,0.445
2023-03-02,392.67999267578125,392.3299865722656,398.69000244140625,397.80999755859375,393.4430847167969,85127800,0.51
2023-03-03,399.7099914550781,399.0299987792969,404.45001220703125,404.19000244140625,399.7530517578125,90120000,0.81
2023-03-06,405.04998779296875,404.010009765625,407.45001220703125,404.4700012207031,400.0299377441406,72795900,0.815
2023-03-07,404.4200134277344,397.6300048828125,404.6700134277344,398.2699890136719,393.89801025390625,108310600,0.475
2023-03-08,398.3900146484375,396.5899963378906,399.7099914550781,398.9200134277344,394.5408935546875,74746600,0.51
2023-03-09,399.739990234375,390.5299987792969,401.4800109863281,391.55999755859375,387.2616882324219,111945300,0.535
2023-03-10,390.989990234375,384.32000732421875,393.1600036621094,385.9100036621094,381.6737060546875,189253000,0.37
2023-03-13,381.80999755859375,380.6499938964844,390.3900146484375,385.3599853515625,381.1297302246094,157790000,0.305
2023-03-14,390.5,387.04998779296875,393.45001220703125,391.7300109863281,387.4298095703125,149752400,0.565
2023-03-15,385.8900146484375,383.7099914550781,389.489990234375,389.2799987792969,385.0067138671875,172996900,0.52
2023-03-16,386.82000732421875,386.2900085449219,396.4700012207031,396.1099853515625,391.76171875,143254200,0.6
2023-03-17,393.2200012207031,388.54998779296875,394.3999938964844,389.989990234375,387.18096923828125,140553400,0.48
2023-03-20,390.79998779296875,390.07000732421875,394.1700134277344,393.739990234375,390.9039611816406,93055800,0.705
2023-03-21,397.239990234375,395.5799865722656,399.4100036621094,398.9100036621094,396.0367126464844,91524200,0.805
2023-03-22,398.7300109863281,392.07000732421875,402.489990234375,392.1099853515625,389.28570556640625,111746600,0.65
2023-03-23,395.0899963378906,390.3500061035156,399.2900085449219,393.1700134277344,390.33807373046875,119351300,0.72
2023-03-24,391.8399963378906,389.3999938964844,395.8399963378906,395.75,392.8995056152344,107682400,0.835
2023-03-27,398.1199951171875,395.55999755859375,398.9200134277344,396.489990234375,393.6341552734375,74010400,0.87
2023-03-28,395.7699890136719,393.69000244140625,396.489990234375,395.6000061035156,392.7505798339844,62871700,0.845
2023-03-29,399.92999267578125,398.67999267578125,401.6000061035156,401.3500061035156,398.4591369628906,77497900,0.91
2023-03-30,404.0899963378906,401.760009765625,404.3500061035156,403.70001220703125,400.792236328125,69840000,0.915
2023-03-31,404.6600036621094,404.54998779296875,409.70001220703125,409.3900146484375,406.4412536621094,112062600,0.925
2023-04-03,408.8500061035156,408.44000244140625,411.3699951171875,410.95001220703125,407.9900207519531,67391100,0.915
2023-04-04,411.6199951171875,407.239990234375,411.9200134277344,408.6700134277344,405.7264709472656,66601500,0.915
2023-04-05,407.9100036621094,405.8800048828125,408.70001220703125,407.6000061035156,404.6641540527344,65200200,0.925
2023-04-06,406.7699890136719,405.67999267578125,409.4800109863281,409.19000244140625,406.2427062988281,63743300,0.91
2023-04-10,406.6099853515625,405.9700012207031,409.69000244140625,409.6099853515625,406.65966796875,63681000,0.905
2023-04-11,410.260009765625,408.9200134277344,411.17999267578125,409.7200012207031,406.76885986328125,59297900,0.915
2023-04-12,411.8699951171875,407.44000244140625,412.1700134277344,408.04998779296875,405.11090087890625,86420400,0.885
2023-04-13,409.17999267578125,407.989990234375,413.8399963378906,413.4700012207031,410.49188232421875,85814800,0.95
2023-04-14,412.80999755859375,410.05999755859375,415.0899963378906,412.4599914550781,409.4891357421875,78161500,0.95
2023-04-17,412.3699951171875,411.0899963378906,413.9599914550781,413.94000244140625,410.95849609375,66436400,0.895
2023-04-18,415.5799865722656,412.7799987792969,415.7200012207031,414.2099914550781,411.2265319824219,63560000,0.895
2023-04-19,412.2200012207031,412.1600036621094,415.0799865722656,414.1400146484375,411.15704345703125,55227300,0.885
2023-04-20,411.2099914550781,410.2699890136719,413.70001220703125,411.8800048828125,408.913330078125,75840400,0.855
2023-04-21,412.19000244140625,410.1700134277344,412.67999267578125,412.20001220703125,409.23101806640625,73457400,0.845
2023-04-24,411.989990234375,410.6000061035156,413.07000732421875,412.6300048828125,409.6579284667969,64332100,0.835
2023-04-25,410.5799865722656,406.0199890136719,411.1600036621094,406.0799865722656,403.15509033203125,97766700,0.475
2023-04-26,406.7200012207031,403.7799987792969,407.8399963378906,404.3599853515625,401.44744873046875,80447000,0.39
2023-04-27,407.0,406.739990234375,412.69000244140625,412.4100036621094,409.4394836425781,92968400,0.835
2023-04-28,411.489990234375,411.42999267578125,415.94000244140625,415.92999267578125,412.9341125488281,89335600,0.87
2023-05-01,415.4700012207031,415.2699890136719,417.6199951171875,415.510009765625,412.5171813964844,62122300,0.905
2023-05-02,414.7699890136719,407.82000732421875,414.82000732421875,410.8399963378906,407.8808288574219,103998500,0.68
2023-05-03,411.3599853515625,407.7699890136719,413.8699951171875,408.0199890136719,405.08111572265625,91531800,0.375
2023-05-04,406.92999267578125,403.739990234375,407.2699890136719,405.1300048828125,402.2119445800781,94901900,0.235
2023-05-05,408.9100036621094,408.6400146484375,413.7200012207031,412.6300048828125,409.6579284667969,87844000,0.775
2023-05-08,412.9700012207031,411.2799987792969,413.239990234375,412.739990234375,409.76708984375,50046800,0.795
2023-05-09,411.1300048828125,410.69000244140625,412.0899963378906,410.92999267578125,407.97015380859375,49220100,0.705
2023-05-10,413.8800048828125,408.8699951171875,414.5400085449219,412.8500061035156,409.8763427734375,96142900,0.795
2023-05-11,411.95001220703125,409.9700012207031,412.42999267578125,412.1300048828125,409.1614990234375,70157100,0.71
2023-05-12,413.4200134277344,409.07000732421875,413.6400146484375,411.5899963378906,408.6253967285156,70439400,0.63
2023-05-15,412.2200012207031,410.2300109863281,413.42999267578125,413.010009765625,410.03515625,54289400,0.72
2023-05-16,411.8599853515625,410.239990234375,412.82000732421875,410.25,407.2950439453125,57705500,0.725
2023-05-17,412.3500061035156,410.6400146484375,415.8599853515625,415.2300109863281,412.23919677734375,87287000,0.905
2023-05-18,414.8999938964844,414.6700134277344,419.6700134277344,419.2300109863281,416.21038818359375,97177200,0.915
2023-05-19,420.1700134277344,417.3500061035156,420.7200012207031,418.6199951171875,415.6047668457031,103679700,0.88
2023-05-22,418.6400146484375,417.3500061035156,420.3900146484375,418.7900085449219,415.7735595703125,60745400,0.915
2023-05-23,417.0799865722656,413.67999267578125,418.7200012207031,414.0899963378906,411.107421875,86383500,0.645
2023-05-24,412.4200134277344,409.8800048828125,412.82000732421875,411.0899963378906,408.1289978027344,89213700,0.35
2023-05-25,414.739990234375,412.4100036621094,416.1600036621094,414.6499938964844,411.6633605957031,90961600,0.72
2023-05-26,415.3299865722656,415.25,420.7699890136719,420.0199890136719,416.9946594238281,93830000,0.91
2023-05-30,422.0299987792969,418.739990234375,422.5799865722656,420.17999267578125,417.1535339355469,72216000,0.935
2023-05-31,418.2799987792969,416.2200012207031,419.2200012207031,417.8500061035156,414.84033203125,110811800,0.825
2023-06-01,418.0899963378906,416.7900085449219,422.9200134277344,421.82000732421875,418.78173828125,88865000,0.945
2023-06-02,424.5,423.95001220703125,428.739990234375,427.9200134277344,424.8377990722656,91366700,0.96
2023-06-05,428.2799987792969,426.3699951171875,429.6199951171875,427.1000061035156,424.0237121582031,65460200,0.955
2023-06-06,426.6700134277344,425.989990234375,428.5799865722656,428.0299987792969,424.9469909667969,64022200,0.98
2023-06-07,428.44000244140625,426.1099853515625,429.6199951171875,426.54998779296875,423.4776306152344,85373300,0.845
2023-06-08,426.6199951171875,425.82000732421875,429.6000061035156,429.1300048828125,426.0390930175781,61952800,0.92
2023-06-09,429.9599914550781,428.8699951171875,431.989990234375,429.8999938964844,426.8034973144531,85742800,0.885
2023-06-12,430.9200134277344,430.1700134277344,433.8800048828125,433.79998779296875,430.6754150390625,76104300,0.915
2023-06-13,435.32000732421875,434.6300048828125,437.3299865722656,436.6600036621094,433.51483154296875,95899700,0.945
2023-06-14,437.010009765625,433.5899963378906,439.05999755859375,437.17999267578125,434.03106689453125,100612100,0.895
2023-06-15,436.3299865722656,436.2300109863281,443.8999938964844,442.6000061035156,439.41204833984375,110303100,0.86
2023-06-16,443.0199890136719,438.9700012207031,443.6099853515625,439.4599914550781,437.9153137207031,114121300,0.88
2023-06-20,437.45001220703125,435.0299987792969,438.3699951171875,437.17999267578125,435.6433410644531,76160400,0.71
2023-06-21,436.1600036621094,434.3299865722656,436.989990234375,434.94000244140625,433.4112243652344,76982300,0.615
2023-06-22,433.95001220703125,433.6000061035156,436.6199951171875,436.510009765625,434.9757080078125,70637200,0.64
2023-06-23,432.92999267578125,432.4700012207031,435.05999755859375,433.2099914550781,431.6872863769531,92074500,0.4
2023-06-26,432.6199951171875,431.19000244140625,434.6099853515625,431.44000244140625,429.92352294921875,72823600,0.44
2023-06-27,432.3500061035156,431.8800048828125,436.80999755859375,436.1700134277344,434.63690185546875,72813700,0.665
2023-06-28,435.04998779296875,434.4100036621094,437.44000244140625,436.3900146484375,434.85614013671875,75636000,0.66
2023-06-29,435.9599914550781,435.5400085449219,438.2799987792969,438.1099853515625,436.5700378417969,67882300,0.81
2023-06-30,441.44000244140625,441.1099853515625,444.29998779296875,443.2799987792969,441.7218933105469,104921500,0.82
2023-07-03,442.9200134277344,442.6300048828125,444.0799865722656,443.7900085449219,442.2301025390625,32793400,0.815
2023-07-05,441.9100036621094,441.8999938964844,443.8900146484375,443.1300048828125,441.5724182128906,58418400,0.84
2023-07-06,439.4200134277344,437.05999755859375,440.1000061035156,439.6600036621094,438.1146240234375,80658300,0.76
2023-07-07,438.6300048828125,438.29998779296875,442.6400146484375,438.54998779296875,437.0085144042969,86076100,0.655
2023-07-10,438.17999267578125,437.5899963378906,439.8399963378906,439.6600036621094,438.1146240234375,62443500,0.68
2023-07-11,440.45001220703125,439.44000244140625,442.9700012207031,442.4599914550781,440.9047546386719,64463800,0.695
2023-07-12,446.3900146484375,444.9100036621094,447.4800109863281,446.0199890136719,444.4522399902344,91924500,0.795
2023-07-13,447.8999938964844,447.45001220703125,450.3800048828125,449.55999755859375,447.9798278808594,72425200,0.735
2023-07-14,450.4800109863281,448.489990234375,451.3599853515625,449.2799987792969,447.7008056640625,69761800,0.735
2023-07-17,449.1300048828125,449.0799865722656,451.92999267578125,450.8399963378906,449.25531005859375,52680200,0.67
2023-07-18,450.5,450.04998779296875,454.8599853515625,454.19000244140625,452.5935363769531,80744400,0.52
2023-07-19,455.010009765625,454.1099853515625,456.42999267578125,455.20001220703125,453.6000061035156,65891700,0.575
2023-07-20,454.1700134277344,451.44000244140625,455.1000061035156,452.17999267578125,450.5906066894531,70591600,0.645
2023-07-21,453.9599914550781,452.1700134277344,454.1700134277344,452.17999267578125,450.5906066894531,71245400,0.64
2023-07-24,453.3699951171875,452.29998779296875,455.0400085449219,454.20001220703125,452.603515625,54023400,0.615
2023-07-25,453.9200134277344,453.8699951171875,456.739990234375,455.44000244140625,453.8391418457031,55191200,0.585
2023-07-26,454.4700012207031,453.3800048828125,456.989990234375,455.510009765625,453.9089050292969,71052900,0.63
2023-07-27,459.0199890136719,451.54998779296875,459.44000244140625,452.489990234375,450.8995056152344,92194400,0.585
2023-07-28,455.8800048828125,452.489990234375,457.7799987792969,456.9200134277344,455.31396484375,80011800,0.65
2023-07-31,457.4100036621094,456.04998779296875,458.1600036621094,457.7900085449219,456.180908203125,62040400,0.665
2023-08-01,456.2699890136719,455.489990234375,457.25,456.4800109863281,454.8755187988281,55291500,0.655
2023-08-02,453.25,449.3500061035156,453.5199890136719,450.1300048828125,448.5478210449219,93933400,0.54
2023-08-03,448.0400085449219,447.3699951171875,450.7900085449219,448.8399963378906,447.2623596191406,64276100,0.505
2023-08-04,450.7200012207031,446.2699890136719,452.8999938964844,446.80999755859375,445.2394714355469,100052300,0.45
2023-08-07,448.7099914550781,447.989990234375,450.8699951171875,450.7099914550781,449.1257629394531,58357500,0.52
2023-08-08,448.0799865722656,445.2699890136719,450.70001220703125,448.75,447.17266845703125,71361300,0.525
2023-08-09,449.0299987792969,444.9599914550781,449.20001220703125,445.75,444.1832275390625,78789600,0.56
2023-08-10,448.19000244140625,444.70001220703125,451.70001220703125,445.9100036621094,444.3426513671875,93005500,0.515
2023-08-11,443.9700012207031,443.3500061035156,446.70001220703125,445.6499938964844,444.08355712890625,68664600,0.375
2023-08-14,444.70001220703125,444.3800048828125,448.1099853515625,448.1099853515625,446.534912109375,47867400,0.47
2023-08-15,446.2699890136719,442.29998779296875,446.6400146484375,442.8900146484375,441.3332824707031,75707500,0.405
2023-08-16,442.4599914550781,439.5299987792969,444.17999267578125,439.6400146484375,438.0946960449219,80107200,0.49
2023-08-17,441.1600036621094,435.75,441.42999267578125,436.2900085449219,434.7564697265625,95711300,0.48
2023-08-18,433.3699951171875,433.010009765625,437.57000732421875,436.5,434.9657287597656,98758400,0.485
2023-08-21,437.54998779296875,435.32000732421875,440.1099853515625,439.3399963378906,437.7957458496094,68719000,0.435
2023-08-22,441.17999267578125,437.57000732421875,441.17999267578125,438.1499938964844,436.60992431640625,65062900,0.47
2023-08-23,439.25,439.1000061035156,443.6700134277344,443.0299987792969,441.4727783203125,68441000,0.655
2023-08-24,444.69000244140625,436.8599853515625,445.2200012207031,436.8900146484375,435.3543701171875,88517300,0.595
2023-08-25,438.67999267578125,435.0,441.29998779296875,439.9700012207031,438.42352294921875,102325100,0.575
2023-08-28,442.239990234375,439.9700012207031,443.3999938964844,442.760009765625,441.2037353515625,61595400,0.755
2023-08-29,442.6499938964844,442.4599914550781,449.45001220703125,449.1600036621094,447.58123779296875,83081900,0.89
2023-08-30,449.510009765625,448.7799987792969,451.6700134277344,451.010009765625,449.42474365234375,69053900,0.91
2023-08-31,451.6499938964844,450.1600036621094,452.8299865722656,450.3500061035156,448.7670593261719,66084600,0.93
2023-09-01,453.1700134277344,449.67999267578125,453.6700134277344,451.19000244140625,449.6040954589844,58875700,0.965
2023-09-05,450.7300109863281,449.1700134277344,451.05999755859375,449.239990234375,447.66094970703125,55166200,0.88
2023-09-06,448.3999938964844,443.80999755859375,448.510009765625,446.2200012207031,444.65155029296875,70758500,0.69
2023-09-07,443.1099853515625,442.75,445.54998779296875,444.8500061035156,443.286376953125,70355400,0.615
2023-09-08,444.8999938964844,444.5299987792969,447.1099853515625,445.5199890136719,443.9540100097656,61659700,0.7
2023-09-11,448.239990234375,446.4700012207031,448.7699890136719,448.45001220703125,446.8737487792969,60180100,0.8
2023-09-12,446.95001220703125,445.3900146484375,448.5299987792969,445.989990234375,444.42236328125,67565400,0.715
2023-09-13,446.2200012207031,445.0799865722656,447.7099914550781,446.510009765625,444.9405517578125,60199300,0.695
2023-09-14,449.07000732421875,447.7200012207031,451.0799865722656,450.3599853515625,448.7770080566406,83430800,0.83
2023-09-15,447.1400146484375,442.9200134277344,447.4800109863281,443.3699951171875,443.3699951171875,111761400,0.53
2023-09-18,443.04998779296875,442.55999755859375,444.9700012207031,443.6300048828125,443.6300048828125,55752200,0.57
2023-09-19,442.67999267578125,439.94000244140625,443.2900085449219,442.7099914550781,442.7099914550781,66514600,0.515
2023-09-20,444.010009765625,438.42999267578125,444.44000244140625,438.6400146484375,438.6400146484375,82562600,0.455
2023-09-21,435.70001220703125,431.2300109863281,435.9700012207031,431.3900146484375,431.3900146484375,103976100,0.58
2023-09-22,432.45001220703125,429.989990234375,434.1000061035156,430.4200134277344,430.4200134277344,100829700,0.615
2023-09-25,429.1700134277344,428.7200012207031,432.2699890136719,432.2300109863281,432.2300109863281,70874500,0.565
2023-09-26,429.0899963378906,425.0199890136719,429.82000732421875,425.8800048828125,425.8800048828125,96168400,0.535
2023-09-27,427.0899963378906,422.2900085449219,427.6700134277344,426.04998779296875,426.04998779296875,104705800,0.47
2023-09-28,425.4800109863281,424.8699951171875,430.25,428.5199890136719,428.5199890136719,92258300,0.395
2023-09-29,431.6700134277344,425.9100036621094,431.8500061035156,427.4800109863281,427.4800109863281,115078500,0.375
2023-10-02,426.6199951171875,424.4599914550781,428.6000061035156,427.30999755859375,427.30999755859375,83798600,0.395
2023-10-03,425.05999755859375,420.17999267578125,427.3699951171875,421.5899963378906,421.5899963378906,103760600,0.4
2023-10-04,422.07000732421875,420.55999755859375,425.42999267578125,424.6600036621094,424.6600036621094,87453000,0.38
2023-10-05,424.3599853515625,421.1700134277344,425.3699951171875,424.5,424.5,70142700,0.51
2023-10-06,421.9700012207031,420.6000061035156,431.1300048828125,429.5400085449219,429.5400085449219,113202700,0.66
2023-10-09,427.5799865722656,427.010009765625,432.8800048828125,432.2900085449219,432.2900085449219,80374400,0.75
2023-10-10,432.94000244140625,432.5299987792969,437.2200012207031,434.5400085449219,434.5400085449219,78607300,0.735
2023-10-11,435.6400146484375,433.17999267578125,436.5799865722656,436.32000732421875,436.32000732421875,62451700,0.86
2023-10-12,436.95001220703125,431.2300109863281,437.3399963378906,433.6600036621094,433.6600036621094,81154200,0.885
2023-10-13,435.2099914550781,429.8800048828125,436.45001220703125,431.5,431.5,95143100,0.795
2023-10-16,433.82000732421875,433.57000732421875,437.1400146484375,436.0400085449219,436.0400085449219,75433200,0.89
2023-10-17,432.80999755859375,432.45001220703125,438.1400146484375,436.0199890136719,436.0199890136719,75324700,0.89
2023-10-18,434.19000244140625,429.0899963378906,435.17999267578125,430.2099914550781,430.2099914550781,93559800,0.78
2023-10-19,430.95001220703125,425.7300109863281,432.82000732421875,426.42999267578125,426.42999267578125,121323000,0.64
2023-10-20,425.9800109863281,421.0799865722656,426.5400085449219,421.19000244140625,421.19000244140625,123845800,0.61
2023-10-23,419.6099853515625,417.79998779296875,424.45001220703125,420.4599914550781,420.4599914550781,92035100,0.54
2023-10-24,422.6499938964844,420.739990234375,424.82000732421875,423.6300048828125,423.6300048828125,78564200,0.545
2023-10-25,421.8900146484375,417.0199890136719,421.9200134277344,417.54998779296875,417.54998779296875,94223200,0.53
2023-10-26,416.45001220703125,411.6000061035156,417.3299865722656,412.54998779296875,412.54998779296875,115156800,0.385
2023-10-27,414.19000244140625,409.2099914550781,414.6000061035156,410.67999267578125,410.67999267578125,107367700,0.31
2023-10-30,413.55999755859375,412.2200012207031,416.67999267578125,415.5899963378906,415.5899963378906,86562700,0.365
2023-10-31,416.17999267578125,414.2099914550781,418.5299987792969,418.20001220703125,418.20001220703125,79665200,0.43
2023-11-01,419.20001220703125,418.6499938964844,423.5,422.6600036621094,422.6600036621094,98068100,0.66
2023-11-02,426.5799865722656,426.55999755859375,430.9200134277344,430.760009765625,430.760009765625,94938900,0.725
2023-11-03,433.1400146484375,433.010009765625,436.2900085449219,434.69000244140625,434.69000244140625,100110800,0.865
2023-11-06,435.4700012207031,433.67999267578125,436.1499938964844,435.69000244140625,435.69000244140625,67831700,0.855
2023-11-07,435.69000244140625,434.510009765625,437.5899963378906,436.92999267578125,436.92999267578125,64256100,0.875
2023-11-08,437.54998779296875,434.8699951171875,438.0899963378906,437.25,437.25,61746000,0.91
2023-11-09,438.42999267578125,433.3999938964844,438.4700012207031,433.8399963378906,433.8399963378906,83174400,0.9
2023-11-10,435.9800109863281,433.8299865722656,440.92999267578125,440.6099853515625,440.6099853515625,89462200,0.905
2023-11-13,439.2300109863281,438.4200134277344,441.3299865722656,440.19000244140625,440.19000244140625,52236100,0.92
2023-11-14,446.32000732421875,446.0899963378906,450.05999755859375,448.7300109863281,448.7300109863281,97176900,0.92
2023-11-15,450.1099853515625,448.79998779296875,451.3800048828125,449.67999267578125,449.67999267578125,77327600,0.89
2023-11-16,449.2200012207031,448.1199951171875,450.55999755859375,450.2300109863281,450.2300109863281,66665800,0.885
2023-11-17,450.239990234375,449.2900085449219,451.4200134277344,450.7900085449219,450.7900085449219,83133200,0.85
2023-11-20,450.5299987792969,450.5199890136719,455.1300048828125,454.260009765625,454.260009765625,69936200,0.84
2023-11-21,453.17999267578125,451.9599914550781,454.1300048828125,453.2699890136719,453.2699890136719,49244600,0.725
2023-11-22,454.9800109863281,453.8900146484375,456.3800048828125,455.0199890136719,455.0199890136719,59394900,0.815
2023-11-24,455.07000732421875,454.7300109863281,455.5,455.29998779296875,455.29998779296875,29737400,0.805
2023-11-27,454.6499938964844,454.0799865722656,455.489990234375,454.4800109863281,454.4800109863281,50506000,0.87
2023-11-28,454.0799865722656,453.5,456.2699890136719,454.92999267578125,454.92999267578125,62115000,0.85
2023-11-29,457.1499938964844,454.20001220703125,458.32000732421875,454.6099853515625,454.6099853515625,63146000,0.815
2023-11-30,455.4800109863281,453.3399963378906,456.760009765625,456.3999938964844,456.3999938964844,79752700,0.875
2023-12-01,455.7699890136719,455.1600036621094,459.6499938964844,459.1000061035156,459.1000061035156,89097900,0.875
2023-12-04,455.6000061035156,454.3399963378906,459.1199951171875,456.69000244140625,456.69000244140625,72430900,0.865
2023-12-05,455.260009765625,454.8699951171875,457.5899963378906,456.6000061035156,456.6000061035156,69793500,0.815
2023-12-06,458.80999755859375,454.30999755859375,458.8399963378906,454.760009765625,454.760009765625,69124700,0.695
2023-12-07,456.9100036621094,456.2900085449219,458.8999938964844,458.2300109863281,458.2300109863281,66935600,0.785
